"Name","LastWriteTime"
"media__1773528049027.png","3/14/2026 3:40:57 PM"
"media__1773526611346.png","3/14/2026 3:17:12 PM"
"media__1773523922067.png","3/14/2026 2:32:18 PM"
"media__1773520680224.png","3/14/2026 1:38:10 PM"
"media__1773519230937.png","3/14/2026 1:14:03 PM"
"media__1773516824979.png","3/14/2026 12:34:03 PM"
"media__1773516270279.png","3/14/2026 12:24:44 PM"
"media__1773514788449.png","3/14/2026 12:00:10 PM"
"media__1773513508995.png","3/14/2026 11:38:34 AM"
"media__1773513469616.png","3/14/2026 11:38:08 AM"
"media__1773512002334.png","3/14/2026 11:14:05 AM"
"media__1773511544901.png","3/14/2026 11:06:12 AM"
"media__1773481418249.png","3/14/2026 2:43:55 AM"
"media__1773481228991.png","3/14/2026 2:40:39 AM"
"media__1773480387916.png","3/14/2026 2:26:45 AM"
"media__1773479758662.png","3/14/2026 2:16:19 AM"
"media__1773479501818.png","3/14/2026 2:11:58 AM"
"media__1773479403609.png","3/14/2026 2:10:22 AM"
"media__1773478546709.png","3/14/2026 1:57:47 AM"
"media__1773478546693.png","3/14/2026 1:57:47 AM"
"media__1773478546658.png","3/14/2026 1:57:47 AM"
